[{"model": "admin.logentry", "pk": 1, "fields": {"action_time": "2021-07-29T13:20:18.771Z", "user": 1, "content_type": 6, "object_id": "1", "object_repr": "Computadoras", "action_flag": 1, "change_message": "[{\"added\": {}}]"}}, {"model": "admin.logentry", "pk": 2, "fields": {"action_time": "2021-07-29T13:32:43.011Z", "user": 1, "content_type": 6, "object_id": "2", "object_repr": "Ropa de Verano", "action_flag": 1, "change_message": "[{\"added\": {}}]"}}, {"model": "admin.logentry", "pk": 3, "fields": {"action_time": "2021-07-29T13:33:09.535Z", "user": 1, "content_type": 6, "object_id": "3", "object_repr": "Musica y Media", "action_flag": 1, "change_message": "[{\"added\": {}}]"}}, {"model": "admin.logentry", "pk": 4, "fields": {"action_time": "2021-07-29T13:34:27.735Z", "user": 1, "content_type": 6, "object_id": "4", "object_repr": "Muebles de oficina", "action_flag": 1, "change_message": "[{\"added\": {}}]"}}, {"model": "admin.logentry", "pk": 5, "fields": {"action_time": "2021-07-29T13:36:14.738Z", "user": 1, "content_type": 6, "object_id": "5", "object_repr": "Accesorios Tech", "action_flag": 1, "change_message": "[{\"added\": {}}]"}}, {"model": "admin.logentry", "pk": 6, "fields": {"action_time": "2021-07-29T17:24:27.843Z", "user": 1, "content_type": 8, "object_id": "1", "object_repr": "Headphones", "action_flag": 1, "change_message": "[{\"added\": {}}]"}}, {"model": "admin.logentry", "pk": 7, "fields": {"action_time": "2021-07-29T17:25:19.138Z", "user": 1, "content_type": 8, "object_id": "2", "object_repr": "Camisa Moderna", "action_flag": 1, "change_message": "[{\"added\": {}}]"}}, {"model": "admin.logentry", "pk": 8, "fields": {"action_time": "2021-07-29T17:25:45.563Z", "user": 1, "content_type": 8, "object_id": "3", "object_repr": "Computadora Desktop", "action_flag": 1, "change_message": "[{\"added\": {}}]"}}, {"model": "admin.logentry", "pk": 9, "fields": {"action_time": "2021-07-29T17:26:07.613Z", "user": 1, "content_type": 8, "object_id": "4", "object_repr": "Airpods", "action_flag": 1, "change_message": "[{\"added\": {}}]"}}, {"model": "admin.logentry", "pk": 10, "fields": {"action_time": "2021-07-29T17:26:34.831Z", "user": 1, "content_type": 8, "object_id": "5", "object_repr": "Macbook Pro", "action_flag": 1, "change_message": "[{\"added\": {}}]"}}, {"model": "admin.logentry", "pk": 11, "fields": {"action_time": "2021-07-29T17:27:03.631Z", "user": 1, "content_type": 8, "object_id": "6", "object_repr": "Camisa Primavera", "action_flag": 1, "change_message": "[{\"added\": {}}]"}}, {"model": "admin.logentry", "pk": 12, "fields": {"action_time": "2021-07-29T17:27:54.559Z", "user": 1, "content_type": 8, "object_id": "7", "object_repr": "Mouse Logitech", "action_flag": 1, "change_message": "[{\"added\": {}}]"}}, {"model": "admin.logentry", "pk": 13, "fields": {"action_time": "2021-07-29T17:28:22.156Z", "user": 1, "content_type": 8, "object_id": "8", "object_repr": "Monitor MSI", "action_flag": 1, "change_message": "[{\"added\": {}}]"}}, {"model": "admin.logentry", "pk": 14, "fields": {"action_time": "2021-07-29T17:28:51.640Z", "user": 1, "content_type": 8, "object_id": "9", "object_repr": "Game Chair", "action_flag": 1, "change_message": "[{\"added\": {}}]"}}, {"model": "admin.logentry", "pk": 15, "fields": {"action_time": "2021-07-29T17:29:14.398Z", "user": 1, "content_type": 8, "object_id": "10", "object_repr": "Equipo de sonido", "action_flag": 1, "change_message": "[{\"added\": {}}]"}}, {"model": "admin.logentry", "pk": 16, "fields": {"action_time": "2021-07-29T17:29:47.931Z", "user": 1, "content_type": 8, "object_id": "11", "object_repr": "IPad Pro", "action_flag": 1, "change_message": "[{\"added\": {}}]"}}, {"model": "admin.logentry", "pk": 17, "fields": {"action_time": "2021-07-30T18:58:46.772Z", "user": 1, "content_type": 8, "object_id": "3", "object_repr": "Computadora Desktop", "action_flag": 2, "change_message": "[{\"changed\": {\"fields\": [\"Stock\"]}}]"}}, {"model": "admin.logentry", "pk": 18, "fields": {"action_time": "2021-08-02T13:18:32.869Z", "user": 1, "content_type": 9, "object_id": "2", "object_repr": "CartItem object (2)", "action_flag": 1, "change_message": "[{\"added\": {}}]"}}, {"model": "admin.logentry", "pk": 19, "fields": {"action_time": "2021-08-02T13:18:45.367Z", "user": 1, "content_type": 9, "object_id": "3", "object_repr": "CartItem object (3)", "action_flag": 1, "change_message": "[{\"added\": {}}]"}}, {"model": "admin.logentry", "pk": 20, "fields": {"action_time": "2021-08-02T13:39:17.462Z", "user": 1, "content_type": 9, "object_id": "1", "object_repr": "CartItem object (1)", "action_flag": 2, "change_message": "[{\"changed\": {\"fields\": [\"Quantity\"]}}]"}}, {"model": "admin.logentry", "pk": 21, "fields": {"action_time": "2021-08-04T12:49:24.314Z", "user": 1, "content_type": 11, "object_id": "1", "object_repr": "Variation object (1)", "action_flag": 1, "change_message": "[{\"added\": {}}]"}}, {"model": "admin.logentry", "pk": 22, "fields": {"action_time": "2021-08-04T12:49:36.370Z", "user": 1, "content_type": 11, "object_id": "2", "object_repr": "Variation object (2)", "action_flag": 1, "change_message": "[{\"added\": {}}]"}}, {"model": "admin.logentry", "pk": 23, "fields": {"action_time": "2021-08-04T12:49:47.542Z", "user": 1, "content_type": 11, "object_id": "3", "object_repr": "Variation object (3)", "action_flag": 1, "change_message": "[{\"added\": {}}]"}}, {"model": "admin.logentry", "pk": 24, "fields": {"action_time": "2021-08-04T12:49:58.065Z", "user": 1, "content_type": 11, "object_id": "4", "object_repr": "Variation object (4)", "action_flag": 1, "change_message": "[{\"added\": {}}]"}}, {"model": "admin.logentry", "pk": 25, "fields": {"action_time": "2021-08-04T12:50:08.739Z", "user": 1, "content_type": 11, "object_id": "5", "object_repr": "Variation object (5)", "action_flag": 1, "change_message": "[{\"added\": {}}]"}}, {"model": "admin.logentry", "pk": 26, "fields": {"action_time": "2021-08-04T12:50:19.682Z", "user": 1, "content_type": 11, "object_id": "6", "object_repr": "Variation object (6)", "action_flag": 1, "change_message": "[{\"added\": {}}]"}}, {"model": "admin.logentry", "pk": 27, "fields": {"action_time": "2021-08-04T13:31:56.504Z", "user": 1, "content_type": 11, "object_id": "7", "object_repr": "Variation object (7)", "action_flag": 1, "change_message": "[{\"added\": {}}]"}}, {"model": "admin.logentry", "pk": 28, "fields": {"action_time": "2021-08-05T14:45:43.418Z", "user": 1, "content_type": 9, "object_id": "20", "object_repr": "CartItem object (20)", "action_flag": 3, "change_message": ""}}, {"model": "admin.logentry", "pk": 29, "fields": {"action_time": "2021-08-05T14:45:43.432Z", "user": 1, "content_type": 9, "object_id": "19", "object_repr": "CartItem object (19)", "action_flag": 3, "change_message": ""}}, {"model": "admin.logentry", "pk": 30, "fields": {"action_time": "2021-08-05T14:45:43.445Z", "user": 1, "content_type": 9, "object_id": "18", "object_repr": "CartItem object (18)", "action_flag": 3, "change_message": ""}}, {"model": "admin.logentry", "pk": 31, "fields": {"action_time": "2021-08-05T20:45:05.770Z", "user": 1, "content_type": 7, "object_id": "9", "object_repr": "GGGSSS@gmail.com", "action_flag": 3, "change_message": ""}}, {"model": "admin.logentry", "pk": 32, "fields": {"action_time": "2021-08-05T20:45:05.783Z", "user": 1, "content_type": 7, "object_id": "8", "object_repr": "ASDDDDD@gmail.com", "action_flag": 3, "change_message": ""}}, {"model": "admin.logentry", "pk": 33, "fields": {"action_time": "2021-08-05T20:45:05.796Z", "user": 1, "content_type": 7, "object_id": "7", "object_repr": "DASD12@gmail.com", "action_flag": 3, "change_message": ""}}, {"model": "admin.logentry", "pk": 34, "fields": {"action_time": "2021-08-05T20:45:05.810Z", "user": 1, "content_type": 7, "object_id": "6", "object_repr": "DASD@gmail.com", "action_flag": 3, "change_message": ""}}, {"model": "admin.logentry", "pk": 35, "fields": {"action_time": "2021-08-05T20:45:05.823Z", "user": 1, "content_type": 7, "object_id": "5", "object_repr": "VAXI.DREZSS@gmail.com", "action_flag": 3, "change_message": ""}}, {"model": "admin.logentry", "pk": 36, "fields": {"action_time": "2021-08-05T20:45:05.836Z", "user": 1, "content_type": 7, "object_id": "4", "object_repr": "heli@gmail.com", "action_flag": 3, "change_message": ""}}, {"model": "admin.logentry", "pk": 37, "fields": {"action_time": "2021-08-05T20:45:05.848Z", "user": 1, "content_type": 7, "object_id": "3", "object_repr": "heli.ojeda@gmail.com", "action_flag": 3, "change_message": ""}}, {"model": "admin.logentry", "pk": 38, "fields": {"action_time": "2021-08-06T03:01:06.638Z", "user": 1, "content_type": 7, "object_id": "10", "object_repr": "juan.perez@gmail.com", "action_flag": 2, "change_message": "[{\"changed\": {\"fields\": [\"password\"]}}]"}}, {"model": "admin.logentry", "pk": 39, "fields": {"action_time": "2021-08-06T03:01:47.946Z", "user": 1, "content_type": 7, "object_id": "10", "object_repr": "juan.perez@gmail.com", "action_flag": 2, "change_message": "[{\"changed\": {\"fields\": [\"Is active\"]}}]"}}, {"model": "admin.logentry", "pk": 40, "fields": {"action_time": "2021-08-06T04:42:20.938Z", "user": 1, "content_type": 7, "object_id": "11", "object_repr": "vaxi.drez@gmail.com", "action_flag": 3, "change_message": ""}}, {"model": "admin.logentry", "pk": 41, "fields": {"action_time": "2021-08-07T14:34:22.085Z", "user": 1, "content_type": 10, "object_id": "6", "object_repr": "w9qfbyoy6l7xjie3j1m2w81omi8c0cwg", "action_flag": 3, "change_message": ""}}, {"model": "admin.logentry", "pk": 42, "fields": {"action_time": "2021-08-07T14:34:22.098Z", "user": 1, "content_type": 10, "object_id": "5", "object_repr": "g1vjmek02qvm0booawbj1i9p3qf1blb1", "action_flag": 3, "change_message": ""}}, {"model": "admin.logentry", "pk": 43, "fields": {"action_time": "2021-08-07T14:34:22.113Z", "user": 1, "content_type": 10, "object_id": "4", "object_repr": "bxeeoxq2kkwg9at52y1iust1nyx77qxw", "action_flag": 3, "change_message": ""}}, {"model": "admin.logentry", "pk": 44, "fields": {"action_time": "2021-08-07T14:34:22.124Z", "user": 1, "content_type": 10, "object_id": "3", "object_repr": "i0lyqjze88rzbnt27lj7i8zbabdcztb7", "action_flag": 3, "change_message": ""}}, {"model": "admin.logentry", "pk": 45, "fields": {"action_time": "2021-08-07T14:34:22.145Z", "user": 1, "content_type": 10, "object_id": "2", "object_repr": "7f633xds8kn5wtopaabvaf8gbo7iwclq", "action_flag": 3, "change_message": ""}}, {"model": "admin.logentry", "pk": 46, "fields": {"action_time": "2021-08-07T14:34:22.157Z", "user": 1, "content_type": 10, "object_id": "1", "object_repr": "vqjyl03w2y98jsl7w3cprkhtfzbwv024", "action_flag": 3, "change_message": ""}}, {"model": "admin.logentry", "pk": 47, "fields": {"action_time": "2021-08-07T14:43:02.084Z", "user": 1, "content_type": 10, "object_id": "8", "object_repr": "i5edlzu8nsp4gnldtzg7gzse7hxbanwr", "action_flag": 3, "change_message": ""}}, {"model": "admin.logentry", "pk": 48, "fields": {"action_time": "2021-08-07T14:43:02.097Z", "user": 1, "content_type": 10, "object_id": "7", "object_repr": "wdmbrdb2gkqc2d1o8iwv0fbwaw7e3sra", "action_flag": 3, "change_message": ""}}, {"model": "admin.logentry", "pk": 49, "fields": {"action_time": "2021-08-08T15:27:31.149Z", "user": 1, "content_type": 10, "object_id": "12", "object_repr": "b3zuitpgot8lcemc52vh6psj7eb2lcmw", "action_flag": 3, "change_message": ""}}, {"model": "admin.logentry", "pk": 50, "fields": {"action_time": "2021-08-08T15:27:31.162Z", "user": 1, "content_type": 10, "object_id": "11", "object_repr": "4mray42kmhj0ge7pyzi9ht138yhemc1e", "action_flag": 3, "change_message": ""}}, {"model": "admin.logentry", "pk": 51, "fields": {"action_time": "2021-08-08T15:27:31.169Z", "user": 1, "content_type": 10, "object_id": "10", "object_repr": "j4tj3qkx715g2elkf3bx37pxk4946eo1", "action_flag": 3, "change_message": ""}}, {"model": "admin.logentry", "pk": 52, "fields": {"action_time": "2021-08-08T15:27:31.173Z", "user": 1, "content_type": 10, "object_id": "9", "object_repr": "cxp7l7e7gom66dnyz4xb20y0vbhte4rf", "action_flag": 3, "change_message": ""}}, {"model": "admin.logentry", "pk": 53, "fields": {"action_time": "2021-08-08T16:15:29.047Z", "user": 1, "content_type": 10, "object_id": "13", "object_repr": "lvgi782wn0qd5o49luig6lbfgh0g5aa5", "action_flag": 3, "change_message": ""}}, {"model": "admin.logentry", "pk": 54, "fields": {"action_time": "2021-08-08T16:15:43.923Z", "user": 1, "content_type": 9, "object_id": "36", "object_repr": "CartItem object (36)", "action_flag": 3, "change_message": ""}}, {"model": "admin.logentry", "pk": 55, "fields": {"action_time": "2021-08-08T16:15:43.936Z", "user": 1, "content_type": 9, "object_id": "35", "object_repr": "CartItem object (35)", "action_flag": 3, "change_message": ""}}, {"model": "admin.logentry", "pk": 56, "fields": {"action_time": "2021-08-08T16:25:34.450Z", "user": 1, "content_type": 10, "object_id": "14", "object_repr": "eyww0iljd0iwikq6g3m1po3ss6mcaj9c", "action_flag": 3, "change_message": ""}}, {"model": "admin.logentry", "pk": 57, "fields": {"action_time": "2021-08-08T16:25:44.737Z", "user": 1, "content_type": 9, "object_id": "38", "object_repr": "CartItem object (38)", "action_flag": 3, "change_message": ""}}, {"model": "admin.logentry", "pk": 58, "fields": {"action_time": "2021-08-08T16:49:59.658Z", "user": 1, "content_type": 10, "object_id": "15", "object_repr": "gnrdaqsowccns1xrfjfmtrmk5pncx8g9", "action_flag": 3, "change_message": ""}}, {"model": "admin.logentry", "pk": 59, "fields": {"action_time": "2021-08-08T16:50:07.096Z", "user": 1, "content_type": 9, "object_id": "40", "object_repr": "CartItem object (40)", "action_flag": 3, "change_message": ""}}, {"model": "admin.logentry", "pk": 60, "fields": {"action_time": "2021-08-12T04:43:11.814Z", "user": 1, "content_type": 12, "object_id": "22", "object_repr": "Mario", "action_flag": 3, "change_message": ""}}, {"model": "admin.logentry", "pk": 61, "fields": {"action_time": "2021-08-12T04:43:11.821Z", "user": 1, "content_type": 12, "object_id": "21", "object_repr": "Miguel", "action_flag": 3, "change_message": ""}}, {"model": "admin.logentry", "pk": 62, "fields": {"action_time": "2021-08-12T04:43:11.826Z", "user": 1, "content_type": 12, "object_id": "20", "object_repr": "Arnold", "action_flag": 3, "change_message": ""}}, {"model": "admin.logentry", "pk": 63, "fields": {"action_time": "2021-08-12T04:43:11.830Z", "user": 1, "content_type": 12, "object_id": "19", "object_repr": "Fabian", "action_flag": 3, "change_message": ""}}, {"model": "admin.logentry", "pk": 64, "fields": {"action_time": "2021-08-12T04:43:11.835Z", "user": 1, "content_type": 12, "object_id": "18", "object_repr": "Juan", "action_flag": 3, "change_message": ""}}, {"model": "admin.logentry", "pk": 65, "fields": {"action_time": "2021-08-12T04:43:11.840Z", "user": 1, "content_type": 12, "object_id": "17", "object_repr": "Leonardo", "action_flag": 3, "change_message": ""}}, {"model": "admin.logentry", "pk": 66, "fields": {"action_time": "2021-08-12T04:43:11.846Z", "user": 1, "content_type": 12, "object_id": "16", "object_repr": "Antonio", "action_flag": 3, "change_message": ""}}, {"model": "admin.logentry", "pk": 67, "fields": {"action_time": "2021-08-12T04:43:11.850Z", "user": 1, "content_type": 12, "object_id": "15", "object_repr": "John", "action_flag": 3, "change_message": ""}}, {"model": "admin.logentry", "pk": 68, "fields": {"action_time": "2021-08-12T04:43:11.855Z", "user": 1, "content_type": 12, "object_id": "14", "object_repr": "John", "action_flag": 3, "change_message": ""}}, {"model": "admin.logentry", "pk": 69, "fields": {"action_time": "2021-08-12T04:43:11.860Z", "user": 1, "content_type": 12, "object_id": "13", "object_repr": "Heli", "action_flag": 3, "change_message": ""}}, {"model": "admin.logentry", "pk": 70, "fields": {"action_time": "2021-08-12T04:43:11.866Z", "user": 1, "content_type": 12, "object_id": "12", "object_repr": "Vaxi", "action_flag": 3, "change_message": ""}}, {"model": "admin.logentry", "pk": 71, "fields": {"action_time": "2021-08-12T04:43:11.871Z", "user": 1, "content_type": 12, "object_id": "11", "object_repr": "Vaxi", "action_flag": 3, "change_message": ""}}, {"model": "admin.logentry", "pk": 72, "fields": {"action_time": "2021-08-12T04:43:11.877Z", "user": 1, "content_type": 12, "object_id": "10", "object_repr": "Vaxi", "action_flag": 3, "change_message": ""}}, {"model": "admin.logentry", "pk": 73, "fields": {"action_time": "2021-08-12T04:43:11.882Z", "user": 1, "content_type": 12, "object_id": "9", "object_repr": "Vaxi", "action_flag": 3, "change_message": ""}}, {"model": "admin.logentry", "pk": 74, "fields": {"action_time": "2021-08-12T04:43:11.886Z", "user": 1, "content_type": 12, "object_id": "8", "object_repr": "Vaxi", "action_flag": 3, "change_message": ""}}, {"model": "admin.logentry", "pk": 75, "fields": {"action_time": "2021-08-12T04:43:11.891Z", "user": 1, "content_type": 12, "object_id": "7", "object_repr": "Vaxi", "action_flag": 3, "change_message": ""}}, {"model": "admin.logentry", "pk": 76, "fields": {"action_time": "2021-08-12T04:43:11.898Z", "user": 1, "content_type": 12, "object_id": "6", "object_repr": "Vaxi", "action_flag": 3, "change_message": ""}}, {"model": "admin.logentry", "pk": 77, "fields": {"action_time": "2021-08-12T04:43:11.904Z", "user": 1, "content_type": 12, "object_id": "5", "object_repr": "Vaxi", "action_flag": 3, "change_message": ""}}, {"model": "admin.logentry", "pk": 78, "fields": {"action_time": "2021-08-12T04:43:11.909Z", "user": 1, "content_type": 12, "object_id": "4", "object_repr": "Heli", "action_flag": 3, "change_message": ""}}, {"model": "admin.logentry", "pk": 79, "fields": {"action_time": "2021-08-12T04:43:11.914Z", "user": 1, "content_type": 12, "object_id": "3", "object_repr": "Heli", "action_flag": 3, "change_message": ""}}, {"model": "admin.logentry", "pk": 80, "fields": {"action_time": "2021-08-12T04:43:18.908Z", "user": 1, "content_type": 12, "object_id": "2", "object_repr": "Rolando", "action_flag": 3, "change_message": ""}}, {"model": "admin.logentry", "pk": 81, "fields": {"action_time": "2021-08-12T04:43:18.921Z", "user": 1, "content_type": 12, "object_id": "1", "object_repr": "Vaxi", "action_flag": 3, "change_message": ""}}, {"model": "admin.logentry", "pk": 82, "fields": {"action_time": "2021-08-12T04:43:31.700Z", "user": 1, "content_type": 14, "object_id": "11", "object_repr": "6L740493AF6119616", "action_flag": 3, "change_message": ""}}, {"model": "admin.logentry", "pk": 83, "fields": {"action_time": "2021-08-12T04:43:31.712Z", "user": 1, "content_type": 14, "object_id": "10", "object_repr": "6BN63098MR081003M", "action_flag": 3, "change_message": ""}}, {"model": "admin.logentry", "pk": 84, "fields": {"action_time": "2021-08-12T04:43:31.723Z", "user": 1, "content_type": 14, "object_id": "9", "object_repr": "564832716E5517437", "action_flag": 3, "change_message": ""}}, {"model": "admin.logentry", "pk": 85, "fields": {"action_time": "2021-08-12T04:43:31.735Z", "user": 1, "content_type": 14, "object_id": "8", "object_repr": "88289777KR381831H", "action_flag": 3, "change_message": ""}}, {"model": "admin.logentry", "pk": 86, "fields": {"action_time": "2021-08-12T04:43:31.747Z", "user": 1, "content_type": 14, "object_id": "7", "object_repr": "62W98319T54164542", "action_flag": 3, "change_message": ""}}, {"model": "admin.logentry", "pk": 87, "fields": {"action_time": "2021-08-12T04:43:31.759Z", "user": 1, "content_type": 14, "object_id": "6", "object_repr": "38E36081UY7309630", "action_flag": 3, "change_message": ""}}, {"model": "admin.logentry", "pk": 88, "fields": {"action_time": "2021-08-12T04:43:31.772Z", "user": 1, "content_type": 14, "object_id": "5", "object_repr": "61S643724D217384N", "action_flag": 3, "change_message": ""}}, {"model": "admin.logentry", "pk": 89, "fields": {"action_time": "2021-08-12T04:43:31.786Z", "user": 1, "content_type": 14, "object_id": "4", "object_repr": "3KK924887L527505M", "action_flag": 3, "change_message": ""}}, {"model": "admin.logentry", "pk": 90, "fields": {"action_time": "2021-08-12T04:43:31.799Z", "user": 1, "content_type": 14, "object_id": "3", "object_repr": "00922111GE017114W", "action_flag": 3, "change_message": ""}}, {"model": "admin.logentry", "pk": 91, "fields": {"action_time": "2021-08-12T04:43:31.812Z", "user": 1, "content_type": 14, "object_id": "2", "object_repr": "5TK663922U252360H", "action_flag": 3, "change_message": ""}}, {"model": "admin.logentry", "pk": 92, "fields": {"action_time": "2021-08-12T04:43:31.820Z", "user": 1, "content_type": 14, "object_id": "1", "object_repr": "4UW7907680264092N", "action_flag": 3, "change_message": ""}}, {"model": "admin.logentry", "pk": 93, "fields": {"action_time": "2021-08-12T16:13:28.343Z", "user": 1, "content_type": 16, "object_id": "1", "object_repr": "Nestor", "action_flag": 1, "change_message": "[{\"added\": {}}]"}}, {"model": "auth.permission", "pk": 1, "fields": {"name": "Can add log entry", "content_type": 1, "codename": "add_logentry"}}, {"model": "auth.permission", "pk": 2, "fields": {"name": "Can change log entry", "content_type": 1, "codename": "change_logentry"}}, {"model": "auth.permission", "pk": 3, "fields": {"name": "Can delete log entry", "content_type": 1, "codename": "delete_logentry"}}, {"model": "auth.permission", "pk": 4, "fields": {"name": "Can view log entry", "content_type": 1, "codename": "view_logentry"}}, {"model": "auth.permission", "pk": 5, "fields": {"name": "Can add permission", "content_type": 2, "codename": "add_permission"}}, {"model": "auth.permission", "pk": 6, "fields": {"name": "Can change permission", "content_type": 2, "codename": "change_permission"}}, {"model": "auth.permission", "pk": 7, "fields": {"name": "Can delete permission", "content_type": 2, "codename": "delete_permission"}}, {"model": "auth.permission", "pk": 8, "fields": {"name": "Can view permission", "content_type": 2, "codename": "view_permission"}}, {"model": "auth.permission", "pk": 9, "fields": {"name": "Can add group", "content_type": 3, "codename": "add_group"}}, {"model": "auth.permission", "pk": 10, "fields": {"name": "Can change group", "content_type": 3, "codename": "change_group"}}, {"model": "auth.permission", "pk": 11, "fields": {"name": "Can delete group", "content_type": 3, "codename": "delete_group"}}, {"model": "auth.permission", "pk": 12, "fields": {"name": "Can view group", "content_type": 3, "codename": "view_group"}}, {"model": "auth.permission", "pk": 13, "fields": {"name": "Can add content type", "content_type": 4, "codename": "add_contenttype"}}, {"model": "auth.permission", "pk": 14, "fields": {"name": "Can change content type", "content_type": 4, "codename": "change_contenttype"}}, {"model": "auth.permission", "pk": 15, "fields": {"name": "Can delete content type", "content_type": 4, "codename": "delete_contenttype"}}, {"model": "auth.permission", "pk": 16, "fields": {"name": "Can view content type", "content_type": 4, "codename": "view_contenttype"}}, {"model": "auth.permission", "pk": 17, "fields": {"name": "Can add session", "content_type": 5, "codename": "add_session"}}, {"model": "auth.permission", "pk": 18, "fields": {"name": "Can change session", "content_type": 5, "codename": "change_session"}}, {"model": "auth.permission", "pk": 19, "fields": {"name": "Can delete session", "content_type": 5, "codename": "delete_session"}}, {"model": "auth.permission", "pk": 20, "fields": {"name": "Can view session", "content_type": 5, "codename": "view_session"}}, {"model": "auth.permission", "pk": 21, "fields": {"name": "Can add category", "content_type": 6, "codename": "add_category"}}, {"model": "auth.permission", "pk": 22, "fields": {"name": "Can change category", "content_type": 6, "codename": "change_category"}}, {"model": "auth.permission", "pk": 23, "fields": {"name": "Can delete category", "content_type": 6, "codename": "delete_category"}}, {"model": "auth.permission", "pk": 24, "fields": {"name": "Can view category", "content_type": 6, "codename": "view_category"}}, {"model": "auth.permission", "pk": 25, "fields": {"name": "Can add account", "content_type": 7, "codename": "add_account"}}, {"model": "auth.permission", "pk": 26, "fields": {"name": "Can change account", "content_type": 7, "codename": "change_account"}}, {"model": "auth.permission", "pk": 27, "fields": {"name": "Can delete account", "content_type": 7, "codename": "delete_account"}}, {"model": "auth.permission", "pk": 28, "fields": {"name": "Can view account", "content_type": 7, "codename": "view_account"}}, {"model": "auth.permission", "pk": 29, "fields": {"name": "Can add product", "content_type": 8, "codename": "add_product"}}, {"model": "auth.permission", "pk": 30, "fields": {"name": "Can change product", "content_type": 8, "codename": "change_product"}}, {"model": "auth.permission", "pk": 31, "fields": {"name": "Can delete product", "content_type": 8, "codename": "delete_product"}}, {"model": "auth.permission", "pk": 32, "fields": {"name": "Can view product", "content_type": 8, "codename": "view_product"}}, {"model": "auth.permission", "pk": 33, "fields": {"name": "Can add cart item", "content_type": 9, "codename": "add_cartitem"}}, {"model": "auth.permission", "pk": 34, "fields": {"name": "Can change cart item", "content_type": 9, "codename": "change_cartitem"}}, {"model": "auth.permission", "pk": 35, "fields": {"name": "Can delete cart item", "content_type": 9, "codename": "delete_cartitem"}}, {"model": "auth.permission", "pk": 36, "fields": {"name": "Can view cart item", "content_type": 9, "codename": "view_cartitem"}}, {"model": "auth.permission", "pk": 37, "fields": {"name": "Can add cart", "content_type": 10, "codename": "add_cart"}}, {"model": "auth.permission", "pk": 38, "fields": {"name": "Can change cart", "content_type": 10, "codename": "change_cart"}}, {"model": "auth.permission", "pk": 39, "fields": {"name": "Can delete cart", "content_type": 10, "codename": "delete_cart"}}, {"model": "auth.permission", "pk": 40, "fields": {"name": "Can view cart", "content_type": 10, "codename": "view_cart"}}, {"model": "auth.permission", "pk": 41, "fields": {"name": "Can add variation", "content_type": 11, "codename": "add_variation"}}, {"model": "auth.permission", "pk": 42, "fields": {"name": "Can change variation", "content_type": 11, "codename": "change_variation"}}, {"model": "auth.permission", "pk": 43, "fields": {"name": "Can delete variation", "content_type": 11, "codename": "delete_variation"}}, {"model": "auth.permission", "pk": 44, "fields": {"name": "Can view variation", "content_type": 11, "codename": "view_variation"}}, {"model": "auth.permission", "pk": 45, "fields": {"name": "Can add order", "content_type": 12, "codename": "add_order"}}, {"model": "auth.permission", "pk": 46, "fields": {"name": "Can change order", "content_type": 12, "codename": "change_order"}}, {"model": "auth.permission", "pk": 47, "fields": {"name": "Can delete order", "content_type": 12, "codename": "delete_order"}}, {"model": "auth.permission", "pk": 48, "fields": {"name": "Can view order", "content_type": 12, "codename": "view_order"}}, {"model": "auth.permission", "pk": 49, "fields": {"name": "Can add order product", "content_type": 13, "codename": "add_orderproduct"}}, {"model": "auth.permission", "pk": 50, "fields": {"name": "Can change order product", "content_type": 13, "codename": "change_orderproduct"}}, {"model": "auth.permission", "pk": 51, "fields": {"name": "Can delete order product", "content_type": 13, "codename": "delete_orderproduct"}}, {"model": "auth.permission", "pk": 52, "fields": {"name": "Can view order product", "content_type": 13, "codename": "view_orderproduct"}}, {"model": "auth.permission", "pk": 53, "fields": {"name": "Can add payment", "content_type": 14, "codename": "add_payment"}}, {"model": "auth.permission", "pk": 54, "fields": {"name": "Can change payment", "content_type": 14, "codename": "change_payment"}}, {"model": "auth.permission", "pk": 55, "fields": {"name": "Can delete payment", "content_type": 14, "codename": "delete_payment"}}, {"model": "auth.permission", "pk": 56, "fields": {"name": "Can view payment", "content_type": 14, "codename": "view_payment"}}, {"model": "auth.permission", "pk": 57, "fields": {"name": "Can add review rating", "content_type": 15, "codename": "add_reviewrating"}}, {"model": "auth.permission", "pk": 58, "fields": {"name": "Can change review rating", "content_type": 15, "codename": "change_reviewrating"}}, {"model": "auth.permission", "pk": 59, "fields": {"name": "Can delete review rating", "content_type": 15, "codename": "delete_reviewrating"}}, {"model": "auth.permission", "pk": 60, "fields": {"name": "Can view review rating", "content_type": 15, "codename": "view_reviewrating"}}, {"model": "auth.permission", "pk": 61, "fields": {"name": "Can add user profile", "content_type": 16, "codename": "add_userprofile"}}, {"model": "auth.permission", "pk": 62, "fields": {"name": "Can change user profile", "content_type": 16, "codename": "change_userprofile"}}, {"model": "auth.permission", "pk": 63, "fields": {"name": "Can delete user profile", "content_type": 16, "codename": "delete_userprofile"}}, {"model": "auth.permission", "pk": 64, "fields": {"name": "Can view user profile", "content_type": 16, "codename": "view_userprofile"}}, {"model": "auth.permission", "pk": 65, "fields": {"name": "Can add login attempt", "content_type": 17, "codename": "add_loginattempt"}}, {"model": "auth.permission", "pk": 66, "fields": {"name": "Can change login attempt", "content_type": 17, "codename": "change_loginattempt"}}, {"model": "auth.permission", "pk": 67, "fields": {"name": "Can delete login attempt", "content_type": 17, "codename": "delete_loginattempt"}}, {"model": "auth.permission", "pk": 68, "fields": {"name": "Can view login attempt", "content_type": 17, "codename": "view_loginattempt"}}, {"model": "contenttypes.contenttype", "pk": 1, "fields": {"app_label": "admin", "model": "logentry"}}, {"model": "contenttypes.contenttype", "pk": 2, "fields": {"app_label": "auth", "model": "permission"}}, {"model": "contenttypes.contenttype", "pk": 3, "fields": {"app_label": "auth", "model": "group"}}, {"model": "contenttypes.contenttype", "pk": 4, "fields": {"app_label": "contenttypes", "model": "contenttype"}}, {"model": "contenttypes.contenttype", "pk": 5, "fields": {"app_label": "sessions", "model": "session"}}, {"model": "contenttypes.contenttype", "pk": 6, "fields": {"app_label": "category", "model": "category"}}, {"model": "contenttypes.contenttype", "pk": 7, "fields": {"app_label": "accounts", "model": "account"}}, {"model": "contenttypes.contenttype", "pk": 8, "fields": {"app_label": "store", "model": "product"}}, {"model": "contenttypes.contenttype", "pk": 9, "fields": {"app_label": "carts", "model": "cartitem"}}, {"model": "contenttypes.contenttype", "pk": 10, "fields": {"app_label": "carts", "model": "cart"}}, {"model": "contenttypes.contenttype", "pk": 11, "fields": {"app_label": "store", "model": "variation"}}, {"model": "contenttypes.contenttype", "pk": 12, "fields": {"app_label": "orders", "model": "order"}}, {"model": "contenttypes.contenttype", "pk": 13, "fields": {"app_label": "orders", "model": "orderproduct"}}, {"model": "contenttypes.contenttype", "pk": 14, "fields": {"app_label": "orders", "model": "payment"}}, {"model": "contenttypes.contenttype", "pk": 15, "fields": {"app_label": "store", "model": "reviewrating"}}, {"model": "contenttypes.contenttype", "pk": 16, "fields": {"app_label": "accounts", "model": "userprofile"}}, {"model": "contenttypes.contenttype", "pk": 17, "fields": {"app_label": "admin_honeypot", "model": "loginattempt"}}, {"model": "sessions.session", "pk": "fe4qubhq9owhux4w6i44c3e3ls99asef", "fields": {"session_data": ".eJxVjDkOwyAURO9CHSGWbxaX6XMGBB8ckwUig6sod48tuXE3mvdmvsS11FquxeWSu-v5nVr3748jI1fCGMY4ANV8UELyC3F-7bNbW1pcjmQkXJBTGTw-U9lJfPhyrxRr6UsOdFfoQRu91Zhe18M9Hcy-zdtaIzDuExirUUaJUQ9CC-uFnaIRkwwBNEzAQ2AKbRoQuI9sSwqFSRDJ7w8tiEa0:1mEHK4:QISQBScN3szjy5OUseTg_78KWrSdc_WECHkdv1niFRQ", "expire_date": "2021-08-26T20:29:04.740Z"}}, {"model": "sessions.session", "pk": "k88ivwlq6g37m33egts8ph3bum8wp8ga", "fields": {"session_data": ".eJxVjEEOwiAQRe_C2hDpUAdcuvcMZIYBqRpISrsy3l2bdKHb_977LxVoXUpYe5rDJOqsjDr8bkzxkeoG5E711nRsdZkn1puid9r1tUl6Xnb376BQL9_akTCQpXgCDwYIM0bJZnTDkfyYEB14J4KMTImitdmBjcbJkJESsHp_APbQOJw:1mEGbB:l6W5z1GDCxeno-g57fRwpDbJWcSQl6jHXQ8nelLYGpw", "expire_date": "2021-08-26T19:42:41.818Z"}}, {"model": "category.category", "pk": 1, "fields": {"category_name": "Computadoras", "description": "Computadoras modernas", "slug": "computadoras", "cat_image": "photos/categories/1007.jpg"}}, {"model": "category.category", "pk": 2, "fields": {"category_name": "Ropa de Verano", "description": "Ropa de Verano en promocion", "slug": "ropa-de-verano", "cat_image": "photos/categories/900.jpg"}}, {"model": "category.category", "pk": 3, "fields": {"category_name": "Musica y Media", "description": "Artefactos de musica moderna", "slug": "musica-y-media", "cat_image": "photos/categories/400.jpg"}}, {"model": "category.category", "pk": 4, "fields": {"category_name": "Muebles de oficina", "description": "Muebles de oficina", "slug": "muebles-de-oficina", "cat_image": "photos/categories/1004.jpg"}}, {"model": "category.category", "pk": 5, "fields": {"category_name": "Accesorios Tech", "description": "Gadgets personales", "slug": "accesorios-tech", "cat_image": "photos/categories/1001.jpg"}}, {"model": "accounts.account", "pk": 1, "fields": {"password": "pbkdf2_sha256$260000$PuOG2ow16FLdWdIzjMz6P2$T0UDbjcAkbKmaNIx8Ao/pbmeHFvky2/Iy57c1ZhbkWM=", "first_name": "Vaxi", "last_name": "Drez", "username": "vaxidrez", "email": "vaxi.drez.social@gmail.com", "phone_number": "", "date_joined": "2021-07-29T04:53:43.543Z", "last_login": "2021-08-12T19:42:41.801Z", "is_admin": true, "is_staff": true, "is_active": true, "is_superadmin": true}}, {"model": "accounts.account", "pk": 2, "fields": {"password": "pbkdf2_sha256$260000$DgLWeWTMbuSrrUYErQn02t$XJKB+G6H1ahehZ+srONluv5LG7BFDFbwmXpEkrp9j3Q=", "first_name": "John", "last_name": "Ortiz", "username": "john.ortiz", "email": "john.ortiz@gmail.com", "phone_number": "9806936935", "date_joined": "2021-08-05T19:03:01.326Z", "last_login": "2021-08-05T19:03:01.326Z", "is_admin": false, "is_staff": false, "is_active": false, "is_superadmin": false}}, {"model": "accounts.account", "pk": 10, "fields": {"password": "pbkdf2_sha256$260000$8LYLwJxGFxSOf6Bw53Um0F$hwRZPYEQgve1hLj8QOWQpuCHctZjy9FCbEyvx2yJlwg=", "first_name": "Juan", "last_name": "Perez", "username": "juan.perez", "email": "juan.perez@gmail.com", "phone_number": "9805693454", "date_joined": "2021-08-05T20:44:03.228Z", "last_login": "2021-08-06T03:02:13.342Z", "is_admin": false, "is_staff": false, "is_active": true, "is_superadmin": false}}, {"model": "accounts.account", "pk": 12, "fields": {"password": "pbkdf2_sha256$260000$MGqc4qWcbrUWg6Mc7TRKsH$ZJGRS65N/273iuJ0eMNFKWKeDtXKJdJJdCJ/1iQ4oOg=", "first_name": "Vaxi", "last_name": "Drez", "username": "vaxi.drez", "email": "vaxi.drez@gmail.com", "phone_number": "844862574", "date_joined": "2021-08-06T04:44:15.104Z", "last_login": "2021-08-12T20:25:18.139Z", "is_admin": false, "is_staff": false, "is_active": true, "is_superadmin": false}}, {"model": "accounts.account", "pk": 13, "fields": {"password": "pbkdf2_sha256$260000$tNKFn29J5WLIAC9SaQLHfs$I3bTSfeG4gC0xqSCzUqCugH5ETfDMrxbUTaA15xhoHM=", "first_name": "Lorenzo", "last_name": "Lamas", "username": "javixcm", "email": "javixcm@gmail.com", "phone_number": "5454211", "date_joined": "2021-08-12T17:38:50.499Z", "last_login": "2021-08-12T18:13:15.384Z", "is_admin": false, "is_staff": false, "is_active": true, "is_superadmin": false}}, {"model": "accounts.userprofile", "pk": 1, "fields": {"user": 12, "address_line_1": "Av. El Paso 695", "address_line_2": "Departamento 36", "profile_picture": "userprofile/vaxi_vFS8h3g.jpg", "city": "New York", "state": "New York", "country": "USA"}}, {"model": "accounts.userprofile", "pk": 2, "fields": {"user": 13, "address_line_1": "Av. El Cosmos 56", "address_line_2": "Departamento 45", "profile_picture": "userprofile/vaxi_PaLIZGb.jpg", "city": "Houston", "state": "Texas", "country": "USA"}}, {"model": "store.product", "pk": 1, "fields": {"product_name": "Headphones", "slug": "headphones", "description": "Lorem Ipsum is simply dummy text of the printing and typesetting industry.", "price": 350, "images": "photos/products/800.jpg", "stock": 100, "is_available": true, "category": 5, "created_date": "2021-07-29T17:24:27.842Z", "modified_date": "2021-07-29T17:24:27.842Z"}}, {"model": "store.product", "pk": 2, "fields": {"product_name": "Camisa Moderna", "slug": "camisa-moderna", "description": "It is a long established fact that a reader will be distracted by the readable content of a page when looking at its layout. The point of using Lorem Ipsum is that it has a more-or-less normal distribution of letters, as opposed to using 'Content here", "price": 50, "images": "photos/products/1000.jpg", "stock": 293, "is_available": true, "category": 2, "created_date": "2021-07-29T17:25:19.137Z", "modified_date": "2021-08-12T20:26:40.799Z"}}, {"model": "store.product", "pk": 3, "fields": {"product_name": "Computadora Desktop", "slug": "computadora-desktop", "description": "It is a long established fact that a reader will be distracted by the readable content of a page when looking at its layout. The point of using Lorem Ipsum is that it has a more-or-less normal distribution of letters, as opposed to using 'Content here", "price": 900, "images": "photos/products/1007.jpg", "stock": 0, "is_available": true, "category": 1, "created_date": "2021-07-29T17:25:45.561Z", "modified_date": "2021-07-30T18:58:46.770Z"}}, {"model": "store.product", "pk": 4, "fields": {"product_name": "Airpods", "slug": "airpods", "description": "It is a long established fact that a reader will be distracted by the readable content of a page when looking at its layout. The point of using Lorem Ipsum is that it has a more-or-less normal distribution of letters, as opposed to using 'Content here", "price": 250, "images": "photos/products/700.jpg", "stock": 60, "is_available": true, "category": 5, "created_date": "2021-07-29T17:26:07.612Z", "modified_date": "2021-07-29T17:26:07.612Z"}}, {"model": "store.product", "pk": 5, "fields": {"product_name": "Macbook Pro", "slug": "macbook-pro", "description": "It is a long established fact that a reader will be distracted by the readable content of a page when looking at its layout. The point of using Lorem Ipsum is that it has a more-or-less normal distribution of letters, as opposed to using 'Content here", "price": 3500, "images": "photos/products/1006.jpg", "stock": 9, "is_available": true, "category": 1, "created_date": "2021-07-29T17:26:34.830Z", "modified_date": "2021-07-29T17:26:34.830Z"}}, {"model": "store.product", "pk": 6, "fields": {"product_name": "Camisa Primavera", "slug": "camisa-primavera", "description": "It is a long established fact that a reader will be distracted by the readable content of a page when looking at its layout. The point of using Lorem Ipsum is that it has a more-or-less normal distribution of letters, as opposed to using 'Content here", "price": 90, "images": "photos/products/900.jpg", "stock": 300, "is_available": true, "category": 2, "created_date": "2021-07-29T17:27:03.630Z", "modified_date": "2021-07-29T17:27:03.630Z"}}, {"model": "store.product", "pk": 7, "fields": {"product_name": "Mouse Logitech", "slug": "mouse-logitech", "description": "It is a long established fact that a reader will be distracted by the readable content of a page when looking at its layout. The point of using Lorem Ipsum is that it has a more-or-less normal distribution of letters, as opposed to using 'Content here", "price": 60, "images": "photos/products/500.jpg", "stock": 3, "is_available": true, "category": 5, "created_date": "2021-07-29T17:27:54.558Z", "modified_date": "2021-07-29T17:27:54.558Z"}}, {"model": "store.product", "pk": 8, "fields": {"product_name": "Monitor MSI", "slug": "monitor-msi", "description": "It is a long established fact that a reader will be distracted by the readable content of a page when looking at its layout. The point of using Lorem Ipsum is that it has a more-or-less normal distribution of letters, as opposed to using 'Content here", "price": 340, "images": "photos/products/600.jpg", "stock": 8, "is_available": true, "category": 1, "created_date": "2021-07-29T17:28:22.155Z", "modified_date": "2021-07-29T17:28:22.155Z"}}, {"model": "store.product", "pk": 9, "fields": {"product_name": "Game Chair", "slug": "game-chair", "description": "It is a long established fact that a reader will be distracted by the readable content of a page when looking at its layout. The point of using Lorem Ipsum is that it has a more-or-less normal distribution of letters, as opposed to using 'Content here", "price": 550, "images": "photos/products/1004.jpg", "stock": 2, "is_available": true, "category": 4, "created_date": "2021-07-29T17:28:51.639Z", "modified_date": "2021-07-29T17:28:51.639Z"}}, {"model": "store.product", "pk": 10, "fields": {"product_name": "Equipo de sonido", "slug": "equipo-de-sonido", "description": "It is a long established fact that a reader will be distracted by the readable content of a page when looking at its layout. The point of using Lorem Ipsum is that it has a more-or-less normal distribution of letters, as opposed to using 'Content here", "price": 600, "images": "photos/products/400.jpg", "stock": 3, "is_available": true, "category": 3, "created_date": "2021-07-29T17:29:14.397Z", "modified_date": "2021-07-29T17:29:14.397Z"}}, {"model": "store.product", "pk": 11, "fields": {"product_name": "IPad Pro", "slug": "ipad-pro", "description": "It is a long established fact that a reader will be distracted by the readable content of a page when looking at its layout. The point of using Lorem Ipsum is that it has a more-or-less normal distribution of letters, as opposed to using 'Content here", "price": 800, "images": "photos/products/1002.jpg", "stock": 600, "is_available": true, "category": 1, "created_date": "2021-07-29T17:29:47.930Z", "modified_date": "2021-07-29T17:29:47.930Z"}}, {"model": "store.variation", "pk": 1, "fields": {"product": 2, "variation_category": "color", "variation_value": "rojo", "is_active": true, "created_date": "2021-08-04T12:49:24.312Z"}}, {"model": "store.variation", "pk": 2, "fields": {"product": 2, "variation_category": "color", "variation_value": "negro", "is_active": true, "created_date": "2021-08-04T12:49:36.368Z"}}, {"model": "store.variation", "pk": 3, "fields": {"product": 2, "variation_category": "color", "variation_value": "naranja", "is_active": true, "created_date": "2021-08-04T12:49:47.541Z"}}, {"model": "store.variation", "pk": 4, "fields": {"product": 2, "variation_category": "color", "variation_value": "lila", "is_active": true, "created_date": "2021-08-04T12:49:58.064Z"}}, {"model": "store.variation", "pk": 5, "fields": {"product": 2, "variation_category": "talla", "variation_value": "Large", "is_active": true, "created_date": "2021-08-04T12:50:08.737Z"}}, {"model": "store.variation", "pk": 6, "fields": {"product": 2, "variation_category": "talla", "variation_value": "Medium", "is_active": true, "created_date": "2021-08-04T12:50:19.681Z"}}, {"model": "store.variation", "pk": 7, "fields": {"product": 2, "variation_category": "talla", "variation_value": "Short", "is_active": true, "created_date": "2021-08-04T13:31:56.501Z"}}, {"model": "store.reviewrating", "pk": 1, "fields": {"product": 2, "user": 1, "subject": "Es un excelente producto!", "review": "Estoy muy contento con llevar esta camisa puesta.", "rating": 5.0, "ip": "127.0.0.1", "status": true, "created_at": "2021-08-12T04:26:33.404Z", "updated_at": "2021-08-12T04:26:33.404Z"}}, {"model": "store.reviewrating", "pk": 2, "fields": {"product": 2, "user": 12, "subject": "Buen material", "review": "Camisa moderna de buen material", "rating": 5.0, "ip": "127.0.0.1", "status": true, "created_at": "2021-08-12T20:29:04.717Z", "updated_at": "2021-08-12T20:29:04.717Z"}}, {"model": "carts.cart", "pk": 16, "fields": {"cart_id": "okfg48lhp4818joowsgfxj7j9twvuk18", "date_added": "2021-08-08"}}, {"model": "carts.cart", "pk": 17, "fields": {"cart_id": "fdcqu48bqsj0dey2p7mt4ap9vtgln9j5", "date_added": "2021-08-09"}}, {"model": "carts.cart", "pk": 18, "fields": {"cart_id": "wjnmnedh82d0u2bu80v93ncaexdfbnug", "date_added": "2021-08-09"}}, {"model": "carts.cart", "pk": 19, "fields": {"cart_id": "5h3bcol29k0pcxlt5x2txccm8lejqqo5", "date_added": "2021-08-09"}}, {"model": "carts.cartitem", "pk": 48, "fields": {"user": 1, "product": 2, "cart": null, "quantity": 1, "is_active": true, "variations": [1, 5]}}, {"model": "orders.payment", "pk": 12, "fields": {"user": 12, "payment_id": "4KT66232E0205404L", "payment_method": "PayPal", "amount_id": "51.0", "status": "COMPLETED", "created_at": "2021-08-12T14:33:42.996Z"}}, {"model": "orders.payment", "pk": 13, "fields": {"user": 12, "payment_id": "4AK2623238751114Y", "payment_method": "PayPal", "amount_id": "51.0", "status": "COMPLETED", "created_at": "2021-08-12T20:26:40.746Z"}}, {"model": "orders.order", "pk": 23, "fields": {"user": 12, "payment": 12, "order_number": "2021081223", "first_name": "Vaxi", "last_name": "Drez", "phone": "98112474", "email": "vaxi.drez@gmail.com", "addres_line_1": "Av. El Paso 454", "addres_line_2": "Departamento 45", "state": "Texas", "city": "Houston", "country": "USA", "order_note": "Camisa moderna", "order_total": 51.0, "tax": 1.0, "status": "New", "ip": "127.0.0.1", "is_ordered": true, "created_at": "2021-08-12T14:33:14.303Z", "updated_at": "2021-08-12T14:33:43.003Z"}}, {"model": "orders.order", "pk": 24, "fields": {"user": 12, "payment": 13, "order_number": "2021081224", "first_name": "Vaxi", "last_name": "Drez", "phone": "981364451", "email": "vaxi.drez@gmail.com", "addres_line_1": "Av. El Paso 454", "addres_line_2": "Dpto: 45", "state": "Texas", "city": "Houston", "country": "USA", "order_note": "Camisa de moda", "order_total": 51.0, "tax": 1.0, "status": "New", "ip": "127.0.0.1", "is_ordered": true, "created_at": "2021-08-12T20:26:15.449Z", "updated_at": "2021-08-12T20:26:40.753Z"}}, {"model": "orders.orderproduct", "pk": 10, "fields": {"order": 23, "payment": 12, "user": 12, "product": 2, "quantity": 1, "product_price": 50.0, "ordered": true, "created_at": "2021-08-12T14:33:43.011Z", "updated_at": "2021-08-12T14:33:43.026Z", "variation": [2, 5]}}, {"model": "orders.orderproduct", "pk": 11, "fields": {"order": 24, "payment": 13, "user": 12, "product": 2, "quantity": 1, "product_price": 50.0, "ordered": true, "created_at": "2021-08-12T20:26:40.760Z", "updated_at": "2021-08-12T20:26:40.772Z", "variation": [1, 6]}}, {"model": "admin_honeypot.loginattempt", "pk": 1, "fields": {"username": "micorreo@gmail.com", "ip_address": "127.0.0.1", "session_key": "q2ghpxmle5ivhybp44kgvki2ngu655j8", "user_agent": "Mozilla/5.0 (Windows NT 10.0; Win64; x64) AppleWebKit/537.36 (KHTML, like Gecko) Chrome/92.0.4515.131 Safari/537.36", "timestamp": "2021-08-12T19:40:42.322Z", "path": "/admin/login/?next=/admin/"}}, {"model": "admin_honeypot.loginattempt", "pk": 2, "fields": {"username": "micorreo@gmail.com", "ip_address": "127.0.0.1", "session_key": "q2ghpxmle5ivhybp44kgvki2ngu655j8", "user_agent": "Mozilla/5.0 (Windows NT 10.0; Win64; x64) AppleWebKit/537.36 (KHTML, like Gecko) Chrome/92.0.4515.131 Safari/537.36", "timestamp": "2021-08-12T19:40:46.428Z", "path": "/admin/login/?next=/admin/"}}]